{"accuracy": 0.638095238095238, "specificity": 0.3125, "sensitivity": 0.6966292134831461}